<?xml version="1.0" encoding="utf-8" ?>
<dwsync>
<file name="Dwcalendar.gif" local="128254602860000000" remote="128327029200000000" testing="0" />
<file name="Dwcalendar.psd" local="128326916680000000" remote="128327029200000000" testing="0" />
<file name="Upcalendar-blu.gif" local="128326916200000000" remote="128327029200000000" testing="0" />
<file name="Upcalendar-bluSky.gif" local="128326916020000000" remote="128327029200000000" testing="0" />
<file name="Upcalendar-green.gif" local="128326915580000000" remote="128327029200000000" testing="0" />
<file name="Upcalendar-orange.gif" local="128326915100000000" remote="128327029200000000" testing="0" />
<file name="Upcalendar-pink.gif" local="128326916440000000" remote="128327029200000000" testing="0" />
<file name="Upcalendar-viola.gif" local="128326914880000000" remote="128327029200000000" testing="0" />
<file name="Upcalendar-yellow.gif" local="128326915340000000" remote="128327029200000000" testing="0" />
<file name="Upcalendar.gif" local="128254602860000000" remote="128327029200000000" testing="0" />
<file name="Upcalendar.psd" local="128326916720000000" remote="128327029200000000" testing="0" />
</dwsync>